"Align Pant II 25""",https://shop.lululemon.com/p/women-pants/Align-Pant-2/_/prod2020012?color=35552,$98.00,,12,2.9 out of 5
"Train Times 7/8 Pant 25""",https://shop.lululemon.com/p/women-pants/Train-Times-7-8-Pant/_/prod8555523?color=1966,$98.00,,9,3.8 out of 5
"Speed Up Tight 28""",https://shop.lululemon.com/p/women-pants/Speed-Up-Tight-Luxtreme-28/_/prod8780566?color=36839,$108.00,,5,3.2 out of 5
"Align Pant Super High-Rise Online Only 28""",https://shop.lululemon.com/p/women-pants/Align-Pant-Super-Hi-Rise-28/_/prod9200552?color=36763,$98.00,,5,3.9 out of 5
"Wunder Under High-Rise 7/8 Tight Full-On Luxtreme 25""",https://shop.lululemon.com/p/women-pants/Wunder-Under-78-Tight-Hi-Rise/_/prod8470056?color=31382,$98.00,,6,3.1 out of 5
"Align Pant Full Length 28""",https://shop.lululemon.com/p/women-pants/Align-Pant-Full-Length-28/_/prod8780551?color=35485,$98.00,,10,3.1 out of 5
"Fast & Free 7/8 Tight II Nulux 25""",https://shop.lululemon.com/p/women-pants/Fast-And-Free-Tight-II/_/prod8620001?color=0001,$128.00,,6,3.2 out of 5
"All The Right Places Pant II 28""",https://shop.lululemon.com/p/women-pants/All-The-Right-Places-Pant-II/_/prod1550047?color=35653,$128.00,,5,2.9 out of 5
"In Movement 7/8 Tight Everlux 25""",https://shop.lululemon.com/p/women-pants/In-Movement-78-Tight/_/prod8760192?color=0001,$98.00,,8,3.3 out of 5
"Wunder Under High-Rise Tight Engineered Full-On Luxtreme 28""",https://shop.lululemon.com/p/women-pants/Wunder-Under-HR-Tight-Engineered-Fullux/_/prod9080165?color=37829,$118.00,,2,4.5 out of 5
"Wunder Under Super High-Rise Tight Full-On Luon Online Only 28""",https://shop.lululemon.com/p/women-pants/Wunder-Under-Super-HR-Tight-Fluon/_/prod8780573?color=0001,$98.00,,2,3 out of 5
"Tight Stuff Tight II Online Only 25""",https://shop.lululemon.com/p/women-pants/Tight-Stuff-Tight-II/_/prod8260099?color=35653,$148.00,,5,3.4 out of 5
"Wunder Under High-Rise 7/8 Tight Luxtreme 25""",https://shop.lululemon.com/p/women-pants/Wunder-Under-Hi-Rise-78-LUX/_/prod8431186?color=24921,$98.00,,1,3 out of 5
"Reveal Tight En Avante 26""",https://shop.lululemon.com/p/women-pants/Reveal-Tight-En-Avante-26/_/prod9200520?color=29931,$118.00,,3,3.5 out of 5
"Speed Up Tight Full-On Luxtreme Brushed 28""",https://shop.lululemon.com/p/women-pants/Speed-Up-Tight-Brushed-Brindle-Fullux/_/prod8690546?color=29931,$108.00,,2,3 out of 5
"Wunder Under High-Rise Tight 28""",https://shop.lululemon.com/p/women-pants/Wunder-Under-HR-Tight/_/prod8470076?color=28510,$98.00,,2,2.3 out of 5
"Wunder Under High-Rise Tight Brushed 28""",https://shop.lululemon.com/p/women-pants/Wunder-Under-HR-Tight-Brush/_/prod8810020?color=1966,$98.00,,3,2.2 out of 5
"To The Beat Tight 24"" lululemon X SoulCycle",https://shop.lululemon.com/p/women-pants/To-The-Beat-Tight-24/_/prod9200527?color=0001,$128.00,,2,4 out of 5
"Wunder Under High-Rise Tight Mesh 28""",https://shop.lululemon.com/p/women-pants/Wunder-Under-Hi-Rise-Tight-Mesh-28/_/prod9200516?color=31383,$118.00,,4,3.6 out of 5
"Fast & Free Full Length Tight Nulux 28""",https://shop.lululemon.com/p/what-we-love/Fast-And-Free-Full-Tight/_/prod9200031?color=27783,$128.00,,1,3.6 out of 5
"Ride & Reflect Tight 28"" lululemon X SoulCycle",https://shop.lululemon.com/p/women-pants/Ride-Reflect-Tight-28/_/prod9200528?color=0001,$128.00,,4,2.4 out of 5
"Channel Your Energy Tight 28""",https://shop.lululemon.com/p/women-pants/Channel-Your-Energy-Tight-28/_/prod9200518?color=0023,$118.00,,1,4.4 out of 5
"Wunder Under High-Rise Tight Foil 28""",https://shop.lululemon.com/p/women-pants/Wunder-Under-Hi-Rise-Tight-Foil-28/_/prod9200537?color=36148,$108.00,,1,3.7 out of 5
"Reveal Tight Lattice Paisley 28""",https://shop.lululemon.com/p/women-pants/Reveal-Tight-Lattice-Paisley/_/prod8900544?color=0001,$118.00,,1,2.9 out of 5
"Wunder Under High-Rise Tight Full-On Luxtreme 28""",https://shop.lululemon.com/p/women-pants/Wunder-Under-HR-Tight-Full-Lux/_/prod8330011?color=31382,$98.00,,5,2.9 out of 5
"Wunder Under High-Rise Tight Nulux 28""",https://shop.lululemon.com/p/women-pants/Wunder-Under-Hi-Rise-Nulux/_/prod8690544?color=0001,$128.00,,2,2.3 out of 5
"Wunder Under High-Rise 7/8 Tight Full-On Luon 25""",https://shop.lululemon.com/p/women-pants/Wunder-Under-HR-78-Tight/_/prod8430902?color=0001,$98.00,,1,2.7 out of 5
"To The Beat Tight Reflective 24"" lululemon X SoulCycle",https://shop.lululemon.com/p/w-soul-cycle/To-The-Beat-Tight-24-Ref/_/prod9290087?color=37982,$148.00,,2,4.5 out of 5
"Speed Up Tight Full-On Luxtreme 28""",https://shop.lululemon.com/p/women-pants/Speed-Up-Tight-Fullux/_/prod8690540?color=31382,$108.00,,3,3.4 out of 5
"Wunder Under High-Rise Tight Full-On Luon 28""",https://shop.lululemon.com/p/women-pants/Wunder-Under-HR-Tight-FLuon/_/prod8470038?color=0001,$98.00,,1,2.6 out of 5
"Wunder Under High-Rise 7/8 Tight 25""",https://shop.lululemon.com/p/women-pants/Wunder-Under-HR-78/_/prod8520006?color=36158,$98.00,,6,3.1 out of 5
"Wunder Under High-Rise Tight (Ombre Melange) Full-On Luon 28""",https://shop.lululemon.com/p/women-pants/Wunder-Under-Hi-Rise-Tight-Ombre-fluon/_/prod8780576?color=32739,$118.00,,1,2.9 out of 5
"Wunder Under High-Rise Tight (Tall) Online Only 31""",https://shop.lululemon.com/p/women-pants/Wunder-Under-Hi-Rise-Tall-Luon/_/prod8920001?color=1966,$98.00,,1,3.2 out of 5
Toasty Tech Tight II,https://shop.lululemon.com/p/women-pants/Toasty-Tech-Tight-II-MD/_/prod9270052?color=35702,$138.00,$79.00,3,3.2 out of 5
"Fast & Free Full Length Tight Nulux 28""",https://shop.lululemon.com/p/women-pants/Fast-And-Free-Full-Tight-MD/_/prod9260312?color=35982,$128.00,$89.00,1,3.6 out of 5
"Wunder Under High-Rise Tight Tech Mesh 28""",https://shop.lululemon.com/p/women-pants/Wunder-Under-Pant-HR-Tech-Mesh-MD/_/prod9070007?color=28603,$118.00,$79.00,2,4 out of 5
"Train Times 7/8 Pant 25""",https://shop.lululemon.com/p/women-pants/Train-Times-7-8-Pant-MD/_/prod8720126?color=35653,$98.00,$69.00,2,3.8 out of 5
"Wunder Under High-Rise Tight Full-On Luxtreme 28""",https://shop.lululemon.com/p/women-pants/Wunder-Under-HR-Fullux-MD/_/prod8660068?color=35976,$128.00 - 98.00,$69.00,2,2.9 out of 5
"Align Pant Full Length 28""",https://shop.lululemon.com/p/women-pants/Align-Pant-Full-Length-28-MD/_/prod8840324?color=27985,$98.00,$79.00,2,3.1 out of 5
"Wunder Under High-Rise 7/8 Tight Full-On Luon 25""",https://shop.lululemon.com/p/women-pants/Wunder-Under-HR-78-Tight-MD/_/prod8780789?color=35653,$98.00,$69.00,,
Wunder Under High-Rise Tight Nulux,https://shop.lululemon.com/p/women-pants/Wunder-Under-Pant-NULUX-MD/_/prod8660085?color=35993,$128.00,$59.00 - 89.00,1,2.3 out of 5
"Align Pant II 25""",https://shop.lululemon.com/p/women-pants/Align-Pant-2-MD/_/prod8360162?color=35477,$98.00,$79.00,1,2.9 out of 5
